index,value
0,-3.7637964345791253
1,13.521429192297486
2,6.959818254342153
3,2.959754525911098
4,-10.319440786726904
5,-10.32016438991392
6,-13.257491634954016
7,10.985284373248055
8,3.0334503522962644
9,6.242177333881365
