index,value
0,12.30906889644681
3,-11.808775148428445
6,-11.433753250665555
7,11.759996337536602
25,-10.867943143953163
33,0.3628429356749212
42,5.773902002013269
54,-7.585172861025375
61,11.201689822911295
62,1.0707256992735807
67,-2.696369273270358
68,-0.3626117082742475
71,-0.8268424037163786
81,4.677783952090088
94,8.050277954121231
