row,column,value
3,8,0.19884240408880516
3,5,0.71134195274865
0,7,0.7901755405312056
5,4,0.6059599747810114
4,4,0.926300878513349
9,3,0.6510770255019445
2,2,0.9149596755437808
0,8,0.8500385777897993
0,1,0.4494506741382034
0,0,0.09541011649041131
8,1,0.37081825219826636
0,3,0.6688412526636073
3,7,0.6659223566174967
3,3,0.5912977877077271
0,9,0.27472179299006416
