index,value
0,12.30906889644681
3,-11.808775148428447
6,-11.433753250665555
7,11.7599963375366
25,-10.86794314395316
33,0.36284293567492076
42,5.773902002013268
54,-7.585172861025375
61,11.201689822911295
62,1.0707256992735792
67,-2.696369273270358
68,-0.3626117082742475
71,-0.8268424037163791
81,4.677783952090088
94,8.050277954121231
