row,column,value
2,8,0.004363273526967193
8,0,0.34974214023403494
4,4,0.19748236998530688
9,1,0.4375885112215021
2,0,0.9296156676737218
3,7,0.28024548115249903
7,3,0.42788389922088954
9,8,0.4651649617638387
7,6,0.8551238146044345
8,1,0.98438684194162
4,0,0.47772756497270474
2,9,0.536704363369267
3,8,0.782204582357083
4,2,0.814825266813197
4,1,0.1456551348709756
