operation,matrixSize,sparsity,implementation,timeMs,throughput
SpMV,10,0.85,Custom,59,1683.5016835016834
SpMV,10,0.85,DataFrame,138,720.1609861695573
SpMV,100,0.85,Custom,52,192307.6923076923
SpMV,100,0.85,DataFrame,150,66461.46326560744
SpMV,1000,0.85,Custom,112,8928571.42857143
SpMV,1000,0.85,DataFrame,159,6269575.44053921
SpMM,10,0.85,Custom,44,22556.390977443607
SpMM,100,0.85,Custom,79,1.2658227848101266E7
